<?xml version="1.0" encoding="utf-8" ?>

<component name="HomeListItem" extends="Group">
    <interface>
        <field id="itemContent" type="node" onChange="itemContentChanged"/>
    </interface>
    <children>
        <LayoutGroup layoutDirection="vert" vertAlignment="top" itemSpacings="20" translation="[0,0]" >
          <Poster
              id="itemImage"
              translation = "[ 10, 10 ]"
              width = "512"
              height = "288"
              scaleRotateCenter = "[ 256.0, 144.0 ]"
              />
           <Label
                id = "itemLabel"
                translation = "[ 20, 264 ]"
                horizAlign = "right"
                width = "492"
                opacity = "0.0"/>
        </LayoutGroup>
    </children>
    <script type="text/brightscript" uri="pkg:/components/HomeList/HomeListItemContent.brs" />
</component>
