<?xml version="1.0" encoding="utf-8" ?>

<component name="HomeListItem" extends="Group">
    <interface>
        <field id="itemContent" type="node" onChange="itemContentChanged"/>
    </interface>
    <children>
        <LayoutGroup layoutDirection="vert" vertAlignment="top" itemSpacings="20" translation="[0,0]" >
          <Poster
              id="itemImage"
              translation = "[ 0,0 ]"/>
           <Label
                id = "itemLabel"
                translation = "[ 0, 0 ]"
                horizAlign="center" />
        </LayoutGroup>
    </children>
    <script type="text/brightscript" uri="pkg:/components/HomeList/data/HomeListItemContent.brs" />
</component>
