<?xml version="1.0" encoding="utf-8" ?>
<component name="HomeListItem" extends="Group" >
    <interface>
        <field id= "itemContent" type= "node" onChange= "showItemDataChanged"/>
        <field id = "focusPercent" type = "float" onChange = "showfocus" />
    </interface>
    <children>
      <LayoutGroup layoutDirection="vert" vertAlignment="top" translation="[0, 0]">
          <Poster id="itemPoster" translation="[0,0]" width="535" height="300">
          </Poster>
          <Label id="itemLabel" translation = "[ 20, 264 ]" horizAlign = "right" width = "492" opacity = "0.0"/>
      
      </LayoutGroup>
    </children>
    <script type="text/brightscript" uri="pkg:/components/HomeList/HomeListItem.brs"/>
</component>
