<?xml version="1.0" encoding="utf-8" ?>
<component name="HomeListItem" extends="Group" >
    <interface>
        <field id= "itemContent" type= "node" onChange= "showItemDataChanged"/>
        <field id = "focusPercent" type = "float" onChange = "showfocus" />
    </interface>
    <children>
      <LayoutGroup layoutDirection="vert" vertAlignment="top" translation="[0, 0]">
          <Poster id="itemPoster" translation="[0,0]" width="500" height="290">
          </Poster>
          <Label id="itemLabel"  height="60" width="0" horizAlign = "left" vertAlign = "center" translation="[318,8]" />

      </LayoutGroup>
    </children>
    <script type="text/brightscript" uri="pkg:/components/HomeList/HomeListItem.brs"/>
</component>
